index,output
0,0.435
1,0.43
2,0.66
3,0.72
4,0.32
5,0.685
6,0.15
7,0.69
8,0.7
9,0.73
10,0.075
11,0.11
12,0.77
13,0.415
14,0.145
15,0.88
16,0.24
17,0.85
18,0.85
19,0.415
20,0.305
21,0.52
22,0.705
23,0.705
24,0.615
25,0.235
26,0.835
27,0.88
28,0.605
29,0.175
30,0.375
31,0.755
32,0.735
33,0.455
34,0.9
35,0.395
36,0.115
37,0.6
38,0.805
39,0.77
40,0.545
41,0.85
42,0.72
43,0.83
44,0.09
45,0.155
46,0.035
47,0.77
48,0.485
49,0.755
50,0.55
51,0.27
52,0.83
53,0.79
54,0.21
55,0.405
56,0.37
57,0.25
58,0.11
59,0.155
60,0.14
61,0.305
62,0.245
63,0.79
64,0.61
65,0.835
66,0.925
67,0.53
68,0.57
69,0.115
70,0.335
71,0.175
72,0.955
73,0.33
74,0.71
75,0.345
76,0.635
77,0.815
78,0.235
79,0.325
80,0.1
81,0.27
82,0.765
83,0.365
84,0.67
85,0.185
86,0.27
87,0.675
88,0.375
89,0.765
90,0.365
91,0.735
92,0.42
93,0.085
94,0.26
95,0.27
96,0.345
97,0.275
98,0.505
99,0.51
100,0.31
101,0.1
102,0.68
103,0.685
104,0.235
105,0.6
106,0.505
107,0.53
108,0.145
109,0.28
110,0.45
111,0.235
112,0.755
113,0.09
114,0.095
115,0.58
116,0.08
117,0.605
118,0.25
119,0.92
120,0.180416666667
121,0.35
122,0.16
123,0.81
124,0.185
125,0.92
126,0.44
127,0.55
128,0.625
129,0.825
130,0.575
131,0.52
132,0.675
133,0.72
134,0.53
135,0.565
136,0.22
137,0.955
138,0.67
139,0.24
140,0.595
141,0.88
142,0.705
143,0.175
144,0.365
145,0.275
146,0.65
147,0.505
148,0.045
149,0.95
150,0.63
151,0.23
152,0.395
153,0.56
154,0.835
155,0.29
156,0.325
157,0.27
158,0.78
159,0.54
160,0.87
161,0.075
162,0.86
163,0.145
164,0.895
165,0.865
166,0.37
167,0.3
168,0.775416666667
169,0.57
170,0.38
171,0.095
172,0.655
173,0.455
174,0.86
175,0.525
176,0.24
177,0.865
178,0.73
179,0.35
180,0.61
181,0.39
182,0.8
183,0.255
184,0.26
185,0.84
186,0.575
187,0.07
188,0.46
189,0.35
190,0.305
191,0.275
192,0.37
193,0.18
194,0.515
195,0.165
196,0.17
197,0.53
198,0.37
199,0.305
200,0.345
201,0.7
202,0.725
203,0.615
204,0.91
205,0.4
206,0.085
207,0.945
208,0.215
209,0.62
210,0.195
211,0.81
212,0.71
213,0.74
214,0.59
215,0.22
216,0.57
217,0.225
218,0.58
219,0.815
220,0.65
221,0.655
222,0.525
223,0.555
224,0.205
225,0.62
226,0.57
227,0.5
228,0.165
229,0.595
230,0.54
231,0.315
232,0.29
233,0.56
234,0.205
235,0.095
236,0.775
237,0.88
238,0.175416666667
239,0.33
240,0.71
241,0.7
242,0.245
243,0.335
244,0.935
245,0.425
246,0.51
247,0.78
248,0.54
249,0.42
250,0.12
251,0.4
252,0.645
253,0.375
254,0.33
255,0.355416666667
256,0.23
257,0.195
258,0.07
259,0.8
260,0.81
261,0.52
262,0.415
263,0.55
264,0.225
265,0.63
266,0.445
267,0.77
268,0.22
269,0.525416666667
270,0.82
271,0.07
272,0.475
273,0.76
274,0.95
275,0.13
276,0.16
277,0.905
278,0.765
279,0.92
280,0.365
281,0.585
282,0.27
283,0.505
284,0.12
285,0.53
286,0.055
287,0.84
288,0.535
289,0.235
290,0.485
291,0.935
292,0.06
293,0.205
294,0.17
295,0.165
296,0.68
297,0.6
298,0.515
299,0.58
300,0.875
301,0.56
302,0.65
303,0.87
304,0.125
305,0.47
306,0.18
307,0.105
308,0.085
309,0.34
310,0.235
311,0.465
312,0.24
313,0.87
314,0.225
315,0.56
316,0.4
317,0.18
318,0.215
319,0.845
320,0.605
321,0.845
322,0.23
323,0.85
324,0.53
325,0.275
326,0.925
327,0.365
328,0.37
329,0.41
330,0.72
331,0.44
332,0.235
333,0.28
334,0.395
335,0.04
336,0.205
337,0.5
338,0.155
339,0.13
340,0.5
341,0.255
342,0.305
343,0.345
344,0.385
345,0.785
346,0.295
347,0.16
348,0.35
349,0.385
350,0.245
351,0.71
352,0.735
353,0.19
354,0.195
355,0.3
356,0.22
357,0.125
358,0.22
359,0.825
360,0.245
361,0.14
362,0.3
363,0.34
364,0.49
365,0.59
366,0.46
367,0.25
368,0.155
369,0.055
370,0.92
371,0.305
372,0.225416666667
373,0.09
374,0.375
375,0.695
376,0.55
377,0.485
378,0.83
379,0.185
380,0.435
381,0.205
382,0.575
383,0.44
384,0.21
385,0.5
386,0.465
387,0.85
388,0.695
389,0.67
390,0.13
391,0.905
392,0.84
393,0.735
394,0.5
395,0.885
396,0.285
397,0.66
398,0.78
399,0.76
400,0.215
401,0.25
402,0.69
403,0.2
404,0.265
405,0.9
406,0.475
407,0.305
408,0.395
409,0.285
410,0.725
411,0.33
412,0.675
413,0.21
414,0.495
415,0.655
416,0.91
417,0.635
418,0.335
419,0.5
420,0.605
421,0.385
422,0.89
423,0.445
424,0.68
425,0.775
426,0.57
427,0.925
428,0.935
429,0.43
430,0.385
431,0.55
432,0.145
433,0.265
434,0.62
435,0.19
436,0.355
437,0.81
438,0.235416666667
439,0.585
440,0.09
441,0.33
442,0.93
443,0.9
444,0.285
445,0.68
446,0.315
447,0.1
448,0.5
449,0.665
450,0.165
451,0.64
452,0.94
453,0.41
454,0.85
455,0.64
456,0.39
457,0.43
458,0.27
459,0.855
460,0.44
461,0.53
462,0.58
463,0.58
464,0.12
465,0.285
466,0.065
467,0.15
468,0.33
469,0.1
470,0.185
471,0.44
472,0.335
473,0.365
474,0.79
475,0.265
476,0.495
477,0.39
478,0.74
479,0.275
480,0.325
481,0.35
482,0.225
483,0.525
484,0.635
485,0.705
486,0.195
487,0.58
488,0.5
489,0.81
490,0.1
491,0.495
492,0.83
493,0.1
494,0.775
495,0.79
496,0.59
497,0.175
498,0.23
499,0.45
500,0.315
501,0.59
502,0.235
503,0.155
504,0.36
505,0.345
506,0.395
507,0.4
508,0.55
509,0.635
510,0.79
511,0.155
512,0.815
513,0.32
514,0.325
515,0.765
516,0.81
517,0.7
518,0.06
519,0.455
520,0.24
521,0.365
522,0.815
523,0.45
524,0.565
525,0.505
526,0.26
527,0.36
528,0.88
529,0.925
530,0.515
531,0.58
532,0.605
533,0.49
534,0.605
535,0.66
536,0.615
537,0.605
538,0.81
539,0.65
540,0.75
541,0.105
542,0.585
543,0.665
544,0.845
545,0.24
546,0.765
547,0.6
548,0.185
549,0.5
550,0.08
551,0.34
552,0.69
553,0.64
554,0.815
555,0.58
556,0.15
557,0.885
558,0.805
559,0.85
560,0.335
561,0.67
562,0.09
563,0.56
564,0.305
565,0.865
566,0.09
567,0.67
568,0.83
569,0.315
570,0.5
571,0.265
572,0.39
573,0.925
574,0.505
575,0.905
576,0.18
577,0.85
578,0.225
579,0.74
580,0.78
581,0.6
582,0.5
583,0.315
584,0.460416666667
585,0.8
586,0.89
587,0.435
588,0.68
589,0.88
590,0.075
591,0.725
592,0.68
593,0.175
594,0.595
595,0.775
596,0.265
597,0.39
598,0.675
599,0.41
600,0.265
601,0.6
602,0.44
603,0.54
604,0.22
605,0.06
606,0.94
607,0.550416666667
608,0.28
609,0.525
610,0.64
611,0.42
612,0.73
613,0.245
614,0.485
615,0.585
616,0.325
617,0.325
618,0.71
619,0.265
620,0.555
621,0.685
622,0.15
623,0.185
624,0.29
625,0.745
626,0.32
627,0.505
628,0.16
629,0.365
630,0.725
631,0.66
632,0.31
633,0.115
634,0.15
635,0.505
636,0.32
637,0.455
638,0.935
639,0.32
640,0.125
641,0.23
642,0.315
643,0.62
644,0.82
645,0.4
646,0.15
647,0.255
648,0.17
649,0.34
650,0.18
651,0.62
652,0.19
653,0.29
654,0.735
655,0.265
656,0.46
657,0.3
658,0.49
659,0.79
660,0.085
661,0.93
662,0.85
663,0.405
664,0.52
665,0.34
666,0.235
667,0.495
668,0.885
669,0.375
670,0.685
671,0.470416666667
672,0.635
673,0.56
674,0.91
675,0.64
676,0.465
677,0.865
678,0.365
679,0.88
680,0.305
681,0.36
682,0.16
683,0.22
684,0.67
685,0.315
686,0.88
687,0.68
688,0.61
689,0.56
690,0.96
691,0.24
692,0.6
693,0.195
694,0.285416666667
695,0.19
696,0.495
697,0.9
698,0.345
699,0.61
700,0.395
701,0.11
702,0.2
703,0.275
704,0.315
705,0.845
706,0.255
707,0.685
708,0.215
709,0.505
710,0.38
711,0.435
712,0.32
713,0.13
714,0.735
715,0.23
716,0.665
717,0.4
718,0.345
719,0.305416666667
720,0.62
721,0.635
722,0.125
723,0.405
724,0.49
725,0.225
726,0.85
727,0.595
728,0.1
729,0.835
730,0.465
731,0.645
732,0.635
733,0.485
734,0.83
735,0.36
736,0.23
737,0.7
738,0.78
739,0.39
740,0.58
741,0.92
742,0.25
743,0.52
744,0.285
745,0.56
746,0.5
747,0.075
748,0.575
749,0.49
750,0.38
751,0.59
752,0.135
753,0.24
754,0.805
755,0.73
756,0.355
757,0.535
758,0.635
759,0.14
760,0.54
761,0.320416666667
762,0.67
763,0.72
764,0.265
765,0.585
766,0.88
767,0.595
768,0.14
769,0.1
770,0.835
771,0.285
772,0.61
773,0.605
774,0.795
775,0.77
776,0.535
777,0.525
778,0.26
779,0.22
780,0.61
781,0.12
782,0.385
783,0.715
784,0.78
785,0.525
786,0.18
787,0.385
788,0.11
789,0.375
790,0.505
791,0.34
792,0.335
793,0.255
794,0.365
795,0.575
796,0.815
797,0.86
798,0.62
799,0.235
800,0.665
801,0.735
802,0.42
803,0.455
804,0.64
805,0.695
806,0.475
807,0.435
808,0.15
809,0.81
810,0.715
811,0.1
812,0.765
813,0.355
814,0.755
815,0.225
816,0.225
817,0.775
818,0.715
819,0.065
820,0.82
821,0.645
822,0.275416666667
823,0.295
824,0.395
825,0.86
826,0.16
827,0.31
828,0.18
829,0.335
830,0.925
831,0.8
832,0.06
833,0.535
834,0.68
835,0.365
836,0.88
837,0.435
838,0.6
839,0.405
840,0.46
841,0.38
842,0.08
843,0.245
844,0.215
845,0.115
846,0.54
847,0.48
848,0.075
849,0.25
850,0.125416666667
851,0.715
852,0.425
853,0.41
854,0.215
855,0.105
856,0.095
857,0.495416666667
858,0.54
859,0.925
860,0.62
861,0.07
862,0.72
863,0.54
864,0.945
865,0.225
866,0.095
867,0.96
868,0.825
869,0.89
870,0.805
871,0.445
872,0.49
873,0.315
874,0.16
875,0.13
876,0.36
877,0.205
878,0.1
879,0.325
880,0.08
881,0.15
882,0.56
883,0.53
884,0.775
885,0.73
886,0.375
887,0.655
888,0.595
889,0.71
890,0.195
891,0.805
892,0.595
893,0.76
894,0.41
895,0.455
896,0.585
897,0.16
898,0.625
899,0.675
900,0.86
901,0.51
902,0.775
903,0.57
904,0.58
905,0.285
906,0.13
907,0.75
908,0.37
909,0.285
910,0.225
911,0.085
912,0.455416666667
913,0.195
914,0.33
915,0.74
916,0.255
917,0.735
918,0.75
919,0.8
920,0.315
921,0.58
922,0.545
923,0.465
924,0.955
925,0.315
926,0.315
927,0.395
928,0.135
929,0.85
930,0.35
931,0.465
932,0.75
933,0.435
934,0.735
935,0.475
936,0.485
937,0.155
938,0.52
939,0.79
940,0.42
941,0.81
942,0.65
943,0.41
944,0.6
945,0.545
946,0.275
947,0.785
948,0.13
949,0.725
950,0.18
951,0.285
952,0.85
953,0.325
954,0.84
955,0.73
956,0.625
957,0.915
958,0.655
959,0.48
960,0.255
961,0.5
962,0.76
963,0.515
964,0.16
965,0.69
966,0.515
967,0.295
968,0.93
969,0.7
970,0.215
971,0.165
972,0.63
973,0.23
974,0.265
975,0.445
976,0.51
977,0.595
978,0.535
979,0.59
980,0.54
981,0.8
982,0.83
983,0.605
984,0.875
985,0.625
986,0.315
987,0.725
988,0.255
989,0.1
990,0.335
991,0.210416666667
992,0.595
993,0.12
994,0.595
995,0.53
996,0.33
997,0.33
998,0.805
999,0.775
1000,0.235
1001,0.835
1002,0.36
1003,0.325
1004,0.415
1005,0.53
1006,0.36
1007,0.405
1008,0.805
1009,0.305
1010,0.3
1011,0.13
1012,0.12
1013,0.6
1014,0.2
1015,0.775
1016,0.41
1017,0.825
1018,0.430416666667
1019,0.655
1020,0.115
1021,0.34
1022,0.545
1023,0.09
1024,0.78
1025,0.745
1026,0.28
1027,0.935
1028,0.205
1029,0.82
1030,0.455
1031,0.335
1032,0.12
1033,0.175
1034,0.2
1035,0.19
1036,0.325
1037,0.21
1038,0.805
1039,0.225
1040,0.87
1041,0.91
1042,0.645
1043,0.435
1044,0.525
1045,0.59
1046,0.525
1047,0.895
1048,0.605
1049,0.575
1050,0.755
1051,0.82
1052,0.61
1053,0.835
1054,0.62
1055,0.55
1056,0.39
1057,0.69
1058,0.725
1059,0.365
1060,0.66
1061,0.35
1062,0.48
1063,0.305
1064,0.67
1065,0.24
1066,0.84
1067,0.365
1068,0.57
1069,0.825
1070,0.83
1071,0.945
1072,0.465
1073,0.465
1074,0.16
1075,0.365
1076,0.9
1077,0.095
1078,0.08
1079,0.345
1080,0.38
1081,0.325
1082,0.53
1083,0.595
1084,0.27
1085,0.395
1086,0.19
1087,0.255
1088,0.16
1089,0.435
1090,0.385416666667
1091,0.58
1092,0.765
1093,0.150416666667
1094,0.36
1095,0.565
1096,0.405
1097,0.145
1098,0.55
1099,0.795
1100,0.2
1101,0.64
1102,0.37
1103,0.7
1104,0.25
1105,0.11
1106,0.1
1107,0.52
1108,0.335
1109,0.505
1110,0.64
1111,0.21
1112,0.7
1113,0.16
1114,0.15
1115,0.795
1116,0.29
1117,0.635
1118,0.34
1119,0.22
1120,0.765
1121,0.355
1122,0.445
1123,0.56
1124,0.45
1125,0.405
1126,0.385
1127,0.725
1128,0.945
1129,0.17
1130,0.33
1131,0.895
1132,0.83
1133,0.655
1134,0.63
1135,0.605
1136,0.305
1137,0.395
1138,0.425
1139,0.935
1140,0.115
1141,0.19
1142,0.495
1143,0.31
1144,0.31
1145,0.43
1146,0.735
1147,0.265
1148,0.395
1149,0.41
1150,0.105
1151,0.175
1152,0.565
1153,0.72
1154,0.69
1155,0.52
1156,0.95
1157,0.195
1158,0.42
1159,0.715
1160,0.365
1161,0.55
1162,0.34
1163,0.595
1164,0.625
1165,0.275
1166,0.205
1167,0.21
1168,0.115
1169,0.06
1170,0.65
1171,0.830416666667
1172,0.7
1173,0.645
1174,0.51
1175,0.765
1176,0.22
1177,0.735
1178,0.08
1179,0.2
1180,0.535
1181,0.25
1182,0.47
1183,0.69
1184,0.305
1185,0.185
1186,0.735
1187,0.505
1188,0.14
1189,0.49
1190,0.075
1191,0.22
1192,0.16
1193,0.84
1194,0.45
1195,0.47
1196,0.515
1197,0.56
1198,0.535
1199,0.225
1200,0.725
1201,0.805
1202,0.47
1203,0.28
1204,0.62
1205,0.49
1206,0.425
1207,0.22
1208,0.185
1209,0.245
1210,0.505
1211,0.47
1212,0.175
1213,0.475
1214,0.675
1215,0.17
1216,0.235
1217,0.825
1218,0.65
1219,0.78
1220,0.91
1221,0.49
1222,0.14
1223,0.085
1224,0.135
1225,0.405
1226,0.37
1227,0.875
1228,0.655
1229,0.28
1230,0.27
1231,0.58
1232,0.525
1233,0.195
1234,0.22
1235,0.37
1236,0.31
1237,0.215
1238,0.485
1239,0.25
1240,0.33
1241,0.065
1242,0.585
1243,0.525
1244,0.67
1245,0.48
1246,0.17
1247,0.325
1248,0.515
1249,0.18
1250,0.19
1251,0.695
1252,0.785
1253,0.775
1254,0.32
1255,0.345
1256,0.25
1257,0.47
1258,0.485
1259,0.92
1260,0.32
1261,0.215
1262,0.34
1263,0.47
1264,0.235
1265,0.52
1266,0.85
1267,0.315
1268,0.3
1269,0.465
1270,0.495
1271,0.385
1272,0.375
1273,0.74
1274,0.31
1275,0.39
1276,0.27
1277,0.33
1278,0.8
1279,0.805
1280,0.540416666667
1281,0.385
1282,0.475
1283,0.540416666667
1284,0.625
1285,0.37
1286,0.255
1287,0.255
1288,0.18
1289,0.54
1290,0.205
1291,0.17
1292,0.58
1293,0.645
1294,0.22
1295,0.56
1296,0.34
1297,0.395
1298,0.09
1299,0.515
1300,0.705
1301,0.64
1302,0.78
1303,0.285
1304,0.55
1305,0.23
1306,0.495
1307,0.67
1308,0.84
1309,0.5
1310,0.63
1311,0.49
1312,0.74
1313,0.43
1314,0.685
1315,0.375
1316,0.125
1317,0.53
1318,0.675
1319,0.64
1320,0.615
1321,0.52
1322,0.68
1323,0.395
1324,0.39
1325,0.845
1326,0.49
1327,0.305
1328,0.78
1329,0.82
1330,0.44
1331,0.86
1332,0.165
1333,0.495
1334,0.14
1335,0.275
1336,0.225
1337,0.155
1338,0.53
1339,0.695
1340,0.115
1341,0.33
1342,0.52
1343,0.6
1344,0.82
1345,0.49
1346,0.365
1347,0.355
1348,0.145
1349,0.165
1350,0.245
1351,0.605
1352,0.785
1353,0.535
1354,0.355
1355,0.575
1356,0.65
1357,0.095
1358,0.375
1359,0.12
1360,0.72
1361,0.15
1362,0.565
1363,0.475
1364,0.37
1365,0.04
1366,0.67
1367,0.745
1368,0.14
1369,0.82
1370,0.285
1371,0.54
1372,0.455
1373,0.57
1374,0.855
1375,0.245
1376,0.085
1377,0.08
1378,0.69
1379,0.67
1380,0.11
1381,0.8
1382,0.3
1383,0.185
1384,0.32
1385,0.18
1386,0.135
1387,0.515
1388,0.89
1389,0.275
1390,0.86
1391,0.685
1392,0.27
1393,0.61
1394,0.315
1395,0.57
1396,0.65
1397,0.435
1398,0.235
1399,0.76
1400,0.485
1401,0.35
1402,0.23
1403,0.075
1404,0.765
1405,0.26
1406,0.44
1407,0.415
1408,0.26
1409,0.83
1410,0.22
1411,0.93
1412,0.205
1413,0.59
1414,0.425
1415,0.41
1416,0.475
1417,0.385
1418,0.83
1419,0.245
1420,0.18
1421,0.405
1422,0.425
1423,0.39
1424,0.625
1425,0.46
1426,0.225
1427,0.35
1428,0.27
1429,0.68
1430,0.760416666667
1431,0.21
1432,0.545
1433,0.37
1434,0.765
1435,0.2
1436,0.92
1437,0.88
1438,0.485
1439,0.56
1440,0.145
1441,0.515
1442,0.335
1443,0.655
1444,0.16
1445,0.255
1446,0.77
1447,0.28
1448,0.625
1449,0.63
1450,0.6
1451,0.19
1452,0.405
1453,0.325
1454,0.395
1455,0.675
1456,0.285
1457,0.105
1458,0.49
1459,0.155
1460,0.94
1461,0.725
1462,0.235
1463,0.805
1464,0.6
1465,0.37
1466,0.885
1467,0.19
1468,0.35
1469,0.715
1470,0.835
1471,0.105
1472,0.16
1473,0.42
1474,0.96
1475,0.66
1476,0.785
1477,0.705
1478,0.365
1479,0.535
1480,0.89
1481,0.29
1482,0.21
1483,0.5
1484,0.62
1485,0.105
1486,0.275
1487,0.655
1488,0.73
1489,0.385
1490,0.78
1491,0.49
1492,0.13
1493,0.875
1494,0.32
1495,0.26
1496,0.54
1497,0.645
1498,0.4
1499,0.57
1500,0.41
1501,0.355
1502,0.315
1503,0.785
1504,0.495
1505,0.245
1506,0.46
1507,0.265
1508,0.845
1509,0.14
1510,0.92
1511,0.255
1512,0.53
1513,0.78
1514,0.19
1515,0.705
1516,0.285
1517,0.81
1518,0.22
1519,0.875
1520,0.595
1521,0.555
1522,0.31
1523,0.565
1524,0.13
1525,0.085
1526,0.815
1527,0.59
1528,0.715
1529,0.785
1530,0.79
1531,0.845
1532,0.62
1533,0.28
1534,0.255
1535,0.395
1536,0.17
1537,0.69
1538,0.44
1539,0.33
1540,0.44
1541,0.295
1542,0.55
1543,0.78
1544,0.845
1545,0.210416666667
1546,0.47
1547,0.515
1548,0.1
1549,0.91
1550,0.330416666667
1551,0.7
1552,0.795
1553,0.455
1554,0.395
1555,0.43
1556,0.745
1557,0.585
1558,0.335
1559,0.62
1560,0.155
1561,0.1
1562,0.16
1563,0.33
1564,0.375
1565,0.235
1566,0.545
1567,0.925
1568,0.635
1569,0.695
1570,0.365
1571,0.14
1572,0.375
1573,0.845
1574,0.575
1575,0.605
1576,0.18
1577,0.235
1578,0.595
1579,0.5
1580,0.46
1581,0.71
1582,0.185
1583,0.865
1584,0.58
1585,0.31
1586,0.25
1587,0.665
1588,0.485
1589,0.745
1590,0.85
1591,0.78
1592,0.195
1593,0.115
1594,0.07
1595,0.205
1596,0.375
1597,0.265
1598,0.705
1599,0.525
1600,0.215
1601,0.190416666667
1602,0.09
1603,0.745
1604,0.845
1605,0.32
1606,0.02
1607,0.7
1608,0.295
1609,0.875
1610,0.395
1611,0.605
1612,0.195
1613,0.865
1614,0.3
1615,0.49
1616,0.095
1617,0.62
1618,0.315
1619,0.355
1620,0.19
1621,0.19
1622,0.445
1623,0.445
1624,0.975
1625,0.325
1626,0.635
1627,0.16
1628,0.43
1629,0.405
1630,0.28
1631,0.64
1632,0.59
1633,0.47
1634,0.4
1635,0.895
1636,0.44
1637,0.595
1638,0.52
1639,0.39
1640,0.57
1641,0.205
1642,0.84
1643,0.71
1644,0.455
1645,0.325
1646,0.405
1647,0.155
1648,0.255
1649,0.55
1650,0.425
1651,0.14
1652,0.625
1653,0.275
1654,0.93
1655,0.815
1656,0.895
1657,0.085
1658,0.2
1659,0.315
1660,0.44
1661,0.285
1662,0.895
1663,0.19
1664,0.105
1665,0.9
1666,0.285
1667,0.08
1668,0.085
1669,0.21
1670,0.755
1671,0.71
1672,0.735
1673,0.61
1674,0.835
1675,0.405
1676,0.215
1677,0.805
1678,0.085
1679,0.23
1680,0.515
1681,0.945
1682,0.445
1683,0.535
1684,0.46
1685,0.3
1686,0.39
1687,0.195
1688,0.21
1689,0.145
1690,0.42
1691,0.285
1692,0.51
1693,0.21
1694,0.52
1695,0.33
1696,0.44
1697,0.395
1698,0.445
1699,0.34
1700,0.245416666667
1701,0.19
1702,0.14
1703,0.15
1704,0.18
1705,0.095
1706,0.81
1707,0.2
1708,0.62
1709,0.620416666667
1710,0.75
1711,0.17
1712,0.57
1713,0.31
1714,0.92
1715,0.295
1716,0.725
1717,0.205
1718,0.51
1719,0.455
1720,0.67
1721,0.145
1722,0.36
1723,0.08
1724,0.685
1725,0.255
1726,0.645
1727,0.645
1728,0.675
1729,0.375
1730,0.285
1731,0.375
1732,0.165
1733,0.16
1734,0.665
1735,0.6
1736,0.34
1737,0.89
1738,0.405
1739,0.9
1740,0.12
1741,0.53
1742,0.575
1743,0.37
1744,0.855
1745,0.45
1746,0.935
1747,0.785
1748,0.25
1749,0.895
1750,0.46
1751,0.355
1752,0.485
1753,0.465
1754,0.635
1755,0.28
1756,0.79
1757,0.925
1758,0.325
1759,0.66
1760,0.485
1761,0.23
1762,0.475
1763,0.675
1764,0.45
1765,0.535
1766,0.195
1767,0.29
1768,0.76
1769,0.515
1770,0.54
1771,0.415
1772,0.115
1773,0.365
1774,0.69
1775,0.285
1776,0.435
1777,0.655
1778,0.69
1779,0.42
1780,0.9
1781,0.245
1782,0.825
1783,0.31
1784,0.44
1785,0.095
1786,0.095
1787,0.27
1788,0.415
1789,0.7
1790,0.625
1791,0.24
1792,0.17
1793,0.79
1794,0.445
1795,0.665
1796,0.38
1797,0.185
1798,0.605
1799,0.165
1800,0.86
1801,0.75
1802,0.81
1803,0.89
1804,0.915
1805,0.36
1806,0.105
1807,0.58
1808,0.4
1809,0.745
1810,0.57
1811,0.735
1812,0.825
1813,0.33
1814,0.37
1815,0.345
1816,0.695
1817,0.065
1818,0.535
1819,0.635
1820,0.67
1821,0.095
1822,0.885
1823,0.56
1824,0.45
1825,0.275
1826,0.21
1827,0.295
1828,0.24
1829,0.305
1830,0.17
1831,0.12
1832,0.31
1833,0.165
1834,0.205
1835,0.255
1836,0.585
1837,0.83
1838,0.295
1839,0.315
1840,0.155
1841,0.715
1842,0.83
1843,0.85
1844,0.635
1845,0.16
1846,0.54
1847,0.57
1848,0.64
1849,0.07
1850,0.835
1851,0.84
1852,0.345
1853,0.17
1854,0.675
1855,0.535
1856,0.84
1857,0.635
1858,0.565
1859,0.955
1860,0.44
1861,0.655
1862,0.39
1863,0.3
1864,0.89
1865,0.15
1866,0.87
1867,0.73
1868,0.635
1869,0.875
1870,0.41
1871,0.675
1872,0.305
1873,0.19
1874,0.25
1875,0.295
1876,0.84
1877,0.11
1878,0.87
1879,0.535
1880,0.37
1881,0.195
1882,0.09
1883,0.155
1884,0.48
1885,0.58
1886,0.72
1887,0.255
1888,0.58
1889,0.38
1890,0.145
1891,0.22
1892,0.835
1893,0.13
1894,0.73
1895,0.68
1896,0.695
1897,0.295
1898,0.85
1899,0.35
1900,0.545
1901,0.315
1902,0.76
1903,0.49
1904,0.44
1905,0.695
1906,0.395
1907,0.43
1908,0.795
1909,0.36
1910,0.485
1911,0.185
1912,0.77
1913,0.315
1914,0.125
1915,0.61
1916,0.11
1917,0.665
1918,0.645
1919,0.855
1920,0.615
1921,0.84
1922,0.13
1923,0.4
1924,0.83
1925,0.305
1926,0.435
1927,0.685
1928,0.24
1929,0.25
1930,0.235
1931,0.755
1932,0.225
1933,0.825
1934,0.52
1935,0.53
1936,0.53
1937,0.39
1938,0.21
1939,0.47
1940,0.175
1941,0.21
1942,0.36
1943,0.795
1944,0.845
1945,0.86
1946,0.295
1947,0.745
1948,0.825
1949,0.65
1950,0.805
1951,0.34
1952,0.515
1953,0.2
1954,0.245
1955,0.49
1956,0.440416666667
1957,0.185
1958,0.11
1959,0.32
1960,0.375
1961,0.29
1962,0.13
1963,0.275
1964,0.945
1965,0.38
1966,0.56
1967,0.81
1968,0.365
1969,0.68
1970,0.375
1971,0.18
1972,0.79
1973,0.305
1974,0.155
1975,0.645
1976,0.435
1977,0.365
1978,0.38
1979,0.435
1980,0.825
1981,0.6
1982,0.315
1983,0.605
1984,0.865
1985,0.36
1986,0.46
1987,0.385
1988,0.265
1989,0.17
1990,0.42
1991,0.18
1992,0.21
1993,0.455
1994,0.505
1995,0.115
1996,0.2
1997,0.505
1998,0.455
1999,0.38
2000,0.095
2001,0.6
2002,0.85
2003,0.18
2004,0.39
2005,0.395
2006,0.515
2007,0.76
2008,0.345
2009,0.11
2010,0.545
2011,0.515
2012,0.29
2013,0.24
2014,0.525
2015,0.38
2016,0.12
2017,0.87
2018,0.425
2019,0.435
2020,0.775
2021,0.540416666667
2022,0.705
2023,0.47
2024,0.69
2025,0.245
2026,0.96
2027,0.695
2028,0.35
2029,0.815
2030,0.88
2031,0.2
2032,0.505
2033,0.335
2034,0.23
2035,0.295
2036,0.79
2037,0.425
2038,0.785
2039,0.75
2040,0.525
2041,0.475
2042,0.715
2043,0.655
2044,0.51
2045,0.16
2046,0.35
2047,0.37
2048,0.655
2049,0.355
2050,0.725
2051,0.5
2052,0.63
2053,0.69
2054,0.43
2055,0.48
2056,0.605
2057,0.26
2058,0.875
2059,0.165
2060,0.495
2061,0.315
2062,0.535
2063,0.645
2064,0.280416666667
2065,0.44
2066,0.82
2067,0.24
2068,0.725
2069,0.125
2070,0.525
2071,0.61
2072,0.28
2073,0.35
2074,0.11
2075,0.865
2076,0.21
2077,0.36
2078,0.645
2079,0.71
2080,0.405
2081,0.145
2082,0.505
2083,0.255416666667
2084,0.27
2085,0.475
2086,0.355
2087,0.23
2088,0.11
2089,0.89
2090,0.615
2091,0.14
2092,0.49
2093,0.39
2094,0.275
2095,0.595
2096,0.65
2097,0.825
2098,0.78
2099,0.545
2100,0.075
2101,0.865
2102,0.71
2103,0.62
2104,0.325
2105,0.34
2106,0.28
2107,0.69
2108,0.295
2109,0.75
2110,0.615
2111,0.88
2112,0.68
2113,0.625
2114,0.5
2115,0.815
2116,0.125
2117,0.2
2118,0.925
2119,0.68
2120,0.575
2121,0.825
2122,0.345
2123,0.18
2124,0.73
2125,0.76
2126,0.175
2127,0.62
2128,0.11
2129,0.32
2130,0.305
2131,0.755
2132,0.505
2133,0.125
2134,0.87
2135,0.57
2136,0.33
2137,0.33
2138,0.21
2139,0.355
2140,0.395
2141,0.565
2142,0.605
2143,0.15
2144,0.855
2145,0.34
2146,0.43
2147,0.465
2148,0.175
2149,0.68
2150,0.4
2151,0.535
2152,0.1
2153,0.64
2154,0.79
2155,0.305
2156,0.265
2157,0.57
2158,0.34
2159,0.405
2160,0.59
2161,0.21
2162,0.415
2163,0.480416666667
2164,0.27
2165,0.7
2166,0.94
2167,0.085
2168,0.17
2169,0.645
2170,0.885
2171,0.43
2172,0.675
2173,0.175
2174,0.34
2175,0.81
2176,0.35
2177,0.64
2178,0.325
2179,0.32
2180,0.69
2181,0.27
2182,0.76
2183,0.415416666667
2184,0.13
2185,0.585
2186,0.64
2187,0.12
2188,0.31
2189,0.525
2190,0.775
2191,0.305
2192,0.79
2193,0.1
2194,0.84
2195,0.77
2196,0.805
2197,0.16
2198,0.325
2199,0.925
2200,0.715
2201,0.3
2202,0.155
2203,0.18
2204,0.565
2205,0.74
2206,0.81
2207,0.59
2208,0.36
2209,0.375
2210,0.3
2211,0.28
2212,0.305
2213,0.73
2214,0.97
2215,0.2
2216,0.96
2217,0.52
2218,0.295
2219,0.195
2220,0.86
2221,0.755
2222,0.65
2223,0.135
2224,0.13
2225,0.205
2226,0.355
2227,0.31
2228,0.81
2229,0.455
2230,0.265
2231,0.64
2232,0.49
2233,0.35
2234,0.28
2235,0.24
2236,0.72
2237,0.245
2238,0.325416666667
2239,0.625
2240,0.85
2241,0.28
2242,0.725
2243,0.68
2244,0.32
2245,0.745
2246,0.405
2247,0.84
2248,0.6
2249,0.595
2250,0.18
2251,0.115
2252,0.42
2253,0.27
2254,0.085
2255,0.105
2256,0.635
2257,0.54
2258,0.21
2259,0.575
2260,0.97
2261,0.12
2262,0.715
2263,0.33
2264,0.54
2265,0.345
2266,0.47
2267,0.19
2268,0.765
2269,0.345
2270,0.165
2271,0.28
2272,0.39
2273,0.505416666667
2274,0.82
2275,0.310416666667
2276,0.415
2277,0.86
2278,0.82
2279,0.38
2280,0.29
2281,0.505416666667
2282,0.745
2283,0.965
2284,0.065
2285,0.165
2286,0.17
2287,0.415
2288,0.59
2289,0.125
2290,0.165
2291,0.24
2292,0.635
2293,0.63
2294,0.505
2295,0.31
2296,0.855
2297,0.94
2298,0.695
2299,0.245
2300,0.135
2301,0.285
2302,0.63
2303,0.415
2304,0.64
2305,0.475
2306,0.845
2307,0.155
2308,0.215
2309,0.64
2310,0.075
2311,0.445
2312,0.51
2313,0.275
2314,0.67
2315,0.755
2316,0.37
2317,0.225
2318,0.25
2319,0.195
2320,0.415
2321,0.765
2322,0.93
2323,0.79
2324,0.915
2325,0.87
2326,0.775
2327,0.36
2328,0.215
2329,0.565
2330,0.655
2331,0.605
2332,0.735
2333,0.585
2334,0.94
2335,0.545
2336,0.275
2337,0.48
2338,0.28
2339,0.61
2340,0.15
2341,0.22
2342,0.56
2343,0.675
2344,0.24
2345,0.68
2346,0.32
2347,0.86
2348,0.19
2349,0.525416666667
2350,0.335
2351,0.475
2352,0.285
2353,0.77
2354,0.165
2355,0.09
2356,0.615
2357,0.96
2358,0.485
2359,0.21
2360,0.745
2361,0.54
2362,0.19
2363,0.86
2364,0.175
2365,0.54
2366,0.47
2367,0.19
2368,0.85
2369,0.19
2370,0.495
2371,0.82
2372,0.0904166666667
2373,0.465
2374,0.11
2375,0.93
2376,0.87
2377,0.675
2378,0.1
2379,0.6
2380,0.33
2381,0.725
2382,0.52
2383,0.275
2384,0.305
2385,0.19
2386,0.14
2387,0.18
2388,0.795
2389,0.755
2390,0.095
2391,0.335
2392,0.65
2393,0.225
2394,0.845
2395,0.435
2396,0.525
2397,0.22
2398,0.225
2399,0.865
2400,0.1
2401,0.7
2402,0.7
2403,0.385
2404,0.285
2405,0.57
2406,0.18
2407,0.46
2408,0.655
2409,0.165
2410,0.06
2411,0.4
2412,0.31
2413,0.435
2414,0.465
2415,0.365
2416,0.88
2417,0.805
2418,0.125
2419,0.795
2420,0.86
2421,0.265
2422,0.295
2423,0.56
2424,0.16
2425,0.2
2426,0.61
2427,0.65
2428,0.495
2429,0.195
2430,0.78
2431,0.155
2432,0.125
2433,0.67
2434,0.3
2435,0.88
2436,0.175
2437,0.575
2438,0.275
2439,0.51
2440,0.28
2441,0.375
2442,0.455
2443,0.38
2444,0.58
2445,0.665
2446,0.675
2447,0.415
2448,0.225
2449,0.35
2450,0.715
2451,0.545
2452,0.4
2453,0.36
2454,0.37
2455,0.83
2456,0.625
2457,0.555
2458,0.75
2459,0.12
2460,0.475
2461,0.82
2462,0.715
2463,0.25
2464,0.305
2465,0.445
2466,0.125
2467,0.5
2468,0.235
2469,0.73
2470,0.095
2471,0.915
2472,0.775
2473,0.52
2474,0.495
2475,0.465
2476,0.225
2477,0.345
2478,0.485
2479,0.645
2480,0.8
2481,0.855
2482,0.175
2483,0.22
2484,0.77
2485,0.79
2486,0.355
2487,0.26
2488,0.675
2489,0.345
2490,0.145
2491,0.29
2492,0.685
2493,0.045
2494,0.845
2495,0.22
2496,0.235
2497,0.82
2498,0.61
2499,0.42
2500,0.675
2501,0.245
2502,0.305
2503,0.645
2504,0.535
2505,0.76
2506,0.805
2507,0.19
2508,0.38
2509,0.355
2510,0.165
2511,0.355
2512,0.06
2513,0.54
2514,0.32
2515,0.88
2516,0.555
2517,0.78
2518,0.295
2519,0.505
2520,0.585
2521,0.27
2522,0.83
2523,0.18
2524,0.59
2525,0.29
2526,0.6
2527,0.23
2528,0.21
2529,0.075
2530,0.75
2531,0.225
2532,0.085
2533,0.58
2534,0.215
2535,0.255
2536,0.165
2537,0.29
2538,0.57
2539,0.065
2540,0.385
2541,0.4
2542,0.3
2543,0.495
2544,0.33
2545,0.79
2546,0.57
2547,0.255
2548,0.94
2549,0.655
2550,0.815
2551,0.245
2552,0.515
2553,0.49
2554,0.3
2555,0.195
2556,0.415
2557,0.375
2558,0.1
2559,0.72
2560,0.495
2561,0.185
2562,0.6
2563,0.3
2564,0.74
2565,0.83
2566,0.43
2567,0.25
2568,0.71
2569,0.71
2570,0.495
2571,0.395
2572,0.73
2573,0.185
2574,0.145
2575,0.61
2576,0.89
2577,0.57
2578,0.54
2579,0.675
2580,0.6
2581,0.855
2582,0.61
2583,0.875
2584,0.2
2585,0.88
2586,0.5
2587,0.085
2588,0.135
2589,0.405
2590,0.755
2591,0.25
2592,0.42
2593,0.805
2594,0.58
2595,0.515
2596,0.565
2597,0.87
2598,0.89
2599,0.145
2600,0.18
2601,0.565
2602,0.335
2603,0.545
2604,0.075
2605,0.685
2606,0.625
2607,0.34
2608,0.095
2609,0.52
2610,0.64
2611,0.38
2612,0.525
2613,0.34
2614,0.265
2615,0.275
2616,0.705
2617,0.32
2618,0.11
2619,0.955
2620,0.81
2621,0.345
2622,0.445
2623,0.575
2624,0.18
2625,0.16
2626,0.705
2627,0.54
2628,0.205
2629,0.865
2630,0.48
2631,0.205
2632,0.78
2633,0.295
2634,0.785
2635,0.42
2636,0.58
2637,0.87
2638,0.75
2639,0.495
2640,0.65
2641,0.87
2642,0.35
2643,0.64
2644,0.495
2645,0.845
2646,0.585
2647,0.86
2648,0.665
2649,0.465
2650,0.505
2651,0.645
2652,0.11
2653,0.23
2654,0.385
2655,0.625
2656,0.585
2657,0.64
2658,0.365
2659,0.155
2660,0.33
2661,0.545
2662,0.61
2663,0.13
2664,0.245
2665,0.37
2666,0.255
2667,0.575
2668,0.32
2669,0.165
2670,0.84
2671,0.665
2672,0.455
2673,0.67
2674,0.77
2675,0.54
2676,0.565
2677,0.345
2678,0.23
2679,0.22
2680,0.125
2681,0.72
2682,0.38
2683,0.395
2684,0.8
2685,0.69
2686,0.43
2687,0.73
2688,0.605
2689,0.63
2690,0.615
2691,0.135
2692,0.165
2693,0.5
2694,0.635
2695,0.26
2696,0.205
2697,0.23
2698,0.575
2699,0.265
2700,0.795416666667
2701,0.75
2702,0.335
2703,0.645
2704,0.315
2705,0.12
2706,0.875
2707,0.885
2708,0.785
2709,0.345
2710,0.39
2711,0.445
2712,0.895
2713,0.615
2714,0.08
2715,0.125
2716,0.49
2717,0.355
2718,0.51
2719,0.765
2720,0.345
2721,0.215
2722,0.43
2723,0.115
2724,0.635
2725,0.355
2726,0.235
2727,0.28
2728,0.66
2729,0.265
2730,0.28
2731,0.4
2732,0.775
2733,0.39
2734,0.48
2735,0.625
2736,0.11
2737,0.295
2738,0.895
2739,0.115
2740,0.75
2741,0.45
2742,0.095
2743,0.485
2744,0.095
2745,0.735
2746,0.495
2747,0.14
2748,0.865
2749,0.375
2750,0.580416666667
2751,0.825
2752,0.325
2753,0.39
2754,0.86
2755,0.225
2756,0.305
2757,0.405
2758,0.73
2759,0.45
2760,0.28
2761,0.53
2762,0.735
2763,0.775
2764,0.28
2765,0.675
2766,0.385
2767,0.35
2768,0.825
2769,0.675
2770,0.14
2771,0.125
2772,0.595
2773,0.29
2774,0.625
2775,0.275
2776,0.74
2777,0.62
2778,0.425
2779,0.145
2780,0.19
2781,0.425
2782,0.24
2783,0.405
2784,0.2
2785,0.605
2786,0.455
2787,0.51
2788,0.11
2789,0.37
2790,0.51
2791,0.5
2792,0.43
2793,0.235
2794,0.675
2795,0.355
2796,0.735
2797,0.55
2798,0.555
2799,0.785
2800,0.745
2801,0.42
2802,0.19
2803,0.475
2804,0.36
2805,0.575
2806,0.585
2807,0.505
2808,0.15
2809,0.605
2810,0.7
2811,0.585
2812,0.63
2813,0.245
2814,0.845
2815,0.2
2816,0.265
2817,0.11
2818,0.885
2819,0.175
2820,0.435
2821,0.345
2822,0.08
2823,0.825
2824,0.075
2825,0.645
2826,0.885
2827,0.9
2828,0.42
2829,0.215
2830,0.335
2831,0.835
2832,0.685
2833,0.11
2834,0.47
2835,0.935
2836,0.24
2837,0.86
2838,0.57
2839,0.785
2840,0.075
2841,0.38
2842,0.165
2843,0.465
2844,0.63
2845,0.415
2846,0.24
2847,0.12
2848,0.48
2849,0.665
2850,0.65
2851,0.595
2852,0.955
2853,0.2
2854,0.44
2855,0.715
2856,0.85
2857,0.315
2858,0.105
2859,0.28
2860,0.56
2861,0.345
2862,0.42
2863,0.380416666667
2864,0.195
2865,0.54
2866,0.24
2867,0.805
2868,0.375
2869,0.5
2870,0.45
2871,0.685
2872,0.73
2873,0.89
2874,0.525
2875,0.92
2876,0.085
2877,0.135
2878,0.275
2879,0.3
2880,0.765
2881,0.215
2882,0.445
2883,0.785
2884,0.26
2885,0.26
2886,0.1
2887,0.8
2888,0.355
2889,0.525
2890,0.87
2891,0.565
2892,0.18
2893,0.425
2894,0.395
2895,0.21
2896,0.105
2897,0.315
2898,0.12
2899,0.485
2900,0.75
2901,0.480416666667
2902,0.13
2903,0.115
2904,0.34
2905,0.255
2906,0.405
2907,0.48
2908,0.545
2909,0.675
2910,0.51
2911,0.68
2912,0.365416666667
2913,0.17
2914,0.34
2915,0.885
2916,0.79
2917,0.395
2918,0.84
2919,0.215
2920,0.345
2921,0.21
2922,0.89
2923,0.49
2924,0.29
2925,0.735416666667
2926,0.48
2927,0.46
2928,0.25
2929,0.58
2930,0.57
2931,0.7
2932,0.195
2933,0.19
2934,0.68
2935,0.425
2936,0.435
2937,0.665
2938,0.23
2939,0.925
2940,0.95
2941,0.71
2942,0.655
2943,0.18
2944,0.415
2945,0.58
2946,0.065
2947,0.450416666667
2948,0.79
2949,0.38
2950,0.685
2951,0.095
2952,0.52
2953,0.27
2954,0.65
2955,0.77
2956,0.615
2957,0.4
2958,0.78
2959,0.42
2960,0.45
2961,0.45
2962,0.45
2963,0.695
2964,0.185
2965,0.465
2966,0.335
2967,0.62
2968,0.32
2969,0.87
2970,0.825
2971,0.295
2972,0.78
2973,0.64
2974,0.61
2975,0.13
2976,0.145
2977,0.44
2978,0.765
2979,0.695
2980,0.505
2981,0.46
2982,0.55
2983,0.215
2984,0.285
2985,0.58
2986,0.305
2987,0.5
2988,0.655
2989,0.31
2990,0.37
2991,0.455
2992,0.38
2993,0.225
2994,0.38
2995,0.27
2996,0.36
2997,0.525
2998,0.34
2999,0.74
3000,0.305
3001,0.28
3002,0.8
3003,0.81
3004,0.585
3005,0.275
3006,0.745
3007,0.61
3008,0.400416666667
3009,0.735
3010,0.585
3011,0.65
3012,0.45
3013,0.235416666667
3014,0.34
3015,0.735
3016,0.38
3017,0.430416666667
3018,0.715
3019,0.435
3020,0.61
3021,0.63
3022,0.285
3023,0.79
3024,0.335
3025,0.23
3026,0.205
3027,0.81
3028,0.165
3029,0.685
3030,0.315
3031,0.785
3032,0.87
3033,0.925
3034,0.3
3035,0.19
3036,0.465
3037,0.815
3038,0.845
3039,0.62
3040,0.285
3041,0.46
3042,0.13
3043,0.245416666667
3044,0.25
3045,0.69
3046,0.055
3047,0.69
3048,0.84
3049,0.31
3050,0.18
3051,0.85
3052,0.595
3053,0.39
3054,0.265
3055,0.225
3056,0.325
3057,0.515
3058,0.165
3059,0.405
3060,0.81
3061,0.51
3062,0.175
3063,0.24
3064,0.2
3065,0.28
3066,0.52
3067,0.765
3068,0.77
3069,0.655
3070,0.565
3071,0.22
3072,0.96
3073,0.325
3074,0.325
3075,0.795
3076,0.885
3077,0.5
3078,0.42
3079,0.31
3080,0.54
3081,0.83
3082,0.205
3083,0.52
3084,0.16
3085,0.75
3086,0.695
3087,0.78
3088,0.495
3089,0.715
3090,0.835
3091,0.075
3092,0.085
3093,0.255
3094,0.84
3095,0.61
3096,0.745
3097,0.515
3098,0.715
3099,0.34
3100,0.605
3101,0.53
3102,0.105
3103,0.335
3104,0.27
3105,0.4
3106,0.25
3107,0.475
3108,0.13
3109,0.375
3110,0.27
3111,0.825
3112,0.75
3113,0.415
3114,0.18
3115,0.58
3116,0.105
3117,0.935
3118,0.395
3119,0.665
3120,0.61
3121,0.82
3122,0.565
3123,0.315
3124,0.13
3125,0.19
3126,0.44
3127,0.69
3128,0.25
3129,0.665
3130,0.825
3131,0.71
3132,0.44
3133,0.26
3134,0.675
3135,0.305
3136,0.15
3137,0.495
3138,0.23
3139,0.29
3140,0.91
3141,0.125
3142,0.17
3143,0.235
3144,0.365
3145,0.465
3146,0.66
3147,0.53
3148,0.56
3149,0.72
3150,0.825
3151,0.12
3152,0.25
3153,0.195
3154,0.2
3155,0.235
3156,0.885
3157,0.24
3158,0.195
3159,0.23
3160,0.585
3161,0.245
3162,0.35
3163,0.68
3164,0.525
3165,0.09
3166,0.245
3167,0.36
3168,0.525
3169,0.67
3170,0.62
3171,0.765
3172,0.67
3173,0.67
3174,0.36
3175,0.66
3176,0.16
3177,0.495
3178,0.545
3179,0.18
3180,0.235
3181,0.045
3182,0.715
3183,0.43
3184,0.715
3185,0.345
3186,0.62
3187,0.645
3188,0.74
3189,0.19
3190,0.435
3191,0.31
3192,0.11
3193,0.345
3194,0.245
3195,0.21
3196,0.405416666667
3197,0.41
3198,0.535
3199,0.21
3200,0.105
3201,0.37
3202,0.64
3203,0.43
3204,0.525
3205,0.38
3206,0.215
3207,0.335
3208,0.205
3209,0.5
3210,0.595
3211,0.195
3212,0.835
3213,0.68
3214,0.33
3215,0.105
3216,0.36
3217,0.635
3218,0.39
3219,0.285
3220,0.62
3221,0.655
3222,0.65
3223,0.19
3224,0.27
3225,0.475
3226,0.35
3227,0.435
3228,0.705
3229,0.725
3230,0.14
3231,0.65
3232,0.215
3233,0.715416666667
3234,0.33
3235,0.325
3236,0.575
3237,0.29
3238,0.55
3239,0.44
3240,0.74
3241,0.485
3242,0.22
3243,0.63
3244,0.37
3245,0.215
3246,0.29
3247,0.565
3248,0.44
3249,0.41
3250,0.435
3251,0.55
3252,0.34
3253,0.175
3254,0.855
3255,0.455
3256,0.88
3257,0.115
3258,0.895
3259,0.35
3260,0.2
3261,0.505
3262,0.29
3263,0.46
3264,0.16
3265,0.3
3266,0.895
3267,0.86
3268,0.55
3269,0.115
3270,0.545
3271,0.375
3272,0.24
3273,0.43
3274,0.565
3275,0.305
3276,0.46
3277,0.07
3278,0.225
3279,0.68
3280,0.725
3281,0.84
3282,0.09
3283,0.63
3284,0.28
3285,0.555
3286,0.78
3287,0.24
3288,0.91
3289,0.635
3290,0.84
3291,0.885
3292,0.47
3293,0.78
3294,0.065
3295,0.325
3296,0.395
3297,0.415
3298,0.575
3299,0.705
3300,0.285
3301,0.645
3302,0.705416666667
3303,0.79
3304,0.345
3305,0.845
3306,0.365
3307,0.185
3308,0.81
3309,0.305
3310,0.25
3311,0.56
3312,0.785
3313,0.605
3314,0.3
3315,0.77
3316,0.69
3317,0.185
3318,0.295
3319,0.21
3320,0.515
3321,0.61
3322,0.265
3323,0.425
3324,0.175
3325,0.27
3326,0.485
3327,0.315
3328,0.775
3329,0.8
3330,0.405
3331,0.57
3332,0.25
3333,0.685
3334,0.49
3335,0.87
3336,0.415
3337,0.44
3338,0.59
3339,0.315416666667
3340,0.96
3341,0.41
3342,0.105
3343,0.29
3344,0.34
3345,0.535
3346,0.54
3347,0.675
3348,0.635
3349,0.33
3350,0.185
3351,0.09
3352,0.555
3353,0.35
3354,0.445
3355,0.75
3356,0.21
3357,0.655
3358,0.535
3359,0.275
3360,0.685
3361,0.2
3362,0.69
3363,0.74
3364,0.455
3365,0.045
3366,0.33
3367,0.875
3368,0.77
3369,0.735
3370,0.37
3371,0.46
3372,0.895
3373,0.1
3374,0.26
3375,0.755
3376,0.445
3377,0.915
3378,0.35
3379,0.39
3380,0.88
3381,0.625
3382,0.16
3383,0.63
3384,0.465
3385,0.69
3386,0.64
3387,0.645
3388,0.23
3389,0.515
3390,0.615
3391,0.915
3392,0.365
3393,0.305
3394,0.545
3395,0.5
3396,0.41
3397,0.64
3398,0.53
3399,0.325
3400,0.4
3401,0.43
3402,0.345416666667
3403,0.705
3404,0.445
3405,0.33
3406,0.795
3407,0.315
3408,0.67
3409,0.945
3410,0.33
3411,0.53
3412,0.67
3413,0.305
3414,0.14
3415,0.935
3416,0.915
3417,0.32
3418,0.195
3419,0.805
3420,0.095
3421,0.18
3422,0.285
3423,0.085
3424,0.81
3425,0.155
3426,0.55
3427,0.385
3428,0.75
3429,0.585
3430,0.75
3431,0.24
3432,0.560416666667
3433,0.665
3434,0.44
3435,0.945
3436,0.19
3437,0.47
3438,0.545
3439,0.515
3440,0.135
3441,0.715
3442,0.53
3443,0.645
3444,0.105
3445,0.385
3446,0.64
3447,0.225
3448,0.505
3449,0.38
3450,0.355
3451,0.285
3452,0.575
3453,0.25
3454,0.19
3455,0.795
3456,0.335
3457,0.66
3458,0.66
3459,0.83
3460,0.505
3461,0.835
3462,0.41
3463,0.92
3464,0.32
3465,0.785
3466,0.705
3467,0.165
3468,0.235
3469,0.395
3470,0.55
3471,0.955
3472,0.25
3473,0.88
3474,0.51
3475,0.855
3476,0.375
3477,0.42
3478,0.15
3479,0.365
3480,0.41
3481,0.59
3482,0.21
3483,0.84
3484,0.47
3485,0.205
3486,0.425
3487,0.735
3488,0.915
3489,0.81
3490,0.42
3491,0.73
3492,0.29
3493,0.165
3494,0.565
3495,0.335
3496,0.435
3497,0.34
3498,0.95
3499,0.695
3500,0.51
3501,0.515
3502,0.895
3503,0.96
3504,0.08
3505,0.33
3506,0.145
3507,0.675
3508,0.715
3509,0.72
3510,0.085
3511,0.87
3512,0.125
3513,0.225
3514,0.785
3515,0.785
3516,0.46
3517,0.735
3518,0.2
3519,0.47
3520,0.485
3521,0.285
3522,0.37
3523,0.655
3524,0.595
3525,0.61
3526,0.095
3527,0.62
3528,0.625
3529,0.795
3530,0.29
3531,0.69
3532,0.135
3533,0.495
3534,0.855
3535,0.31
3536,0.855
3537,0.14
3538,0.48
3539,0.14
3540,0.355
3541,0.525
3542,0.445
3543,0.55
3544,0.855
3545,0.085
3546,0.945
3547,0.31
3548,0.63
3549,0.775
3550,0.51
3551,0.09
3552,0.305
3553,0.65
3554,0.27
3555,0.27
3556,0.47
3557,0.615
3558,0.27
3559,0.295
3560,0.455
3561,0.455
3562,0.47
3563,0.49
3564,0.480416666667
3565,0.2
3566,0.33
3567,0.53
3568,0.54
3569,0.565
3570,0.645
3571,0.61
3572,0.41
3573,0.705
3574,0.295
3575,0.655
3576,0.565
3577,0.845
3578,0.465
3579,0.14
3580,0.145
3581,0.555
3582,0.81
3583,0.28
3584,0.925
3585,0.55
3586,0.18
3587,0.345416666667
3588,0.44
3589,0.345
3590,0.605
3591,0.29
3592,0.115
3593,0.325
3594,0.27
3595,0.81
3596,0.24
3597,0.35
3598,0.78
3599,0.42
3600,0.495
3601,0.445
3602,0.505
3603,0.87
3604,0.4
3605,0.225
3606,0.255
3607,0.68
3608,0.055
3609,0.29
3610,0.875
3611,0.645
3612,0.19
3613,0.51
3614,0.675
3615,0.655
3616,0.735
3617,0.42
3618,0.195
3619,0.415
3620,0.15
3621,0.08
3622,0.245416666667
3623,0.1
3624,0.63
3625,0.85
3626,0.625
3627,0.29
3628,0.805
3629,0.51
3630,0.615
3631,0.225
3632,0.845
3633,0.695
3634,0.16
3635,0.355
3636,0.18
3637,0.65
3638,0.495
3639,0.745
3640,0.24
3641,0.65
3642,0.23
3643,0.615
3644,0.845
3645,0.32
3646,0.73
3647,0.955
3648,0.55
3649,0.485
3650,0.92
3651,0.31
3652,0.45
3653,0.225
3654,0.38
3655,0.625
3656,0.335
3657,0.69
3658,0.525
3659,0.765
3660,0.385
3661,0.395
3662,0.18
3663,0.28
3664,0.855
3665,0.565
3666,0.78
3667,0.055
3668,0.34
3669,0.755
3670,0.63
3671,0.2
3672,0.86
3673,0.11
3674,0.41
3675,0.36
3676,0.445
3677,0.26
3678,0.27
3679,0.29
3680,0.775
3681,0.175
3682,0.35
3683,0.82
3684,0.21
3685,0.365
3686,0.305
3687,0.655
3688,0.465
3689,0.795
3690,0.31
3691,0.065
3692,0.14
3693,0.605
3694,0.375
3695,0.445
3696,0.46
3697,0.365
3698,0.775
3699,0.73
3700,0.78
3701,0.145
3702,0.79
3703,0.615
3704,0.165
3705,0.435
3706,0.095
3707,0.41
3708,0.335
3709,0.26
3710,0.55
3711,0.14
3712,0.15
3713,0.26
3714,0.45
3715,0.165
3716,0.17
3717,0.155
3718,0.34
3719,0.25
3720,0.145
3721,0.355
3722,0.295
3723,0.095
3724,0.36
3725,0.45
3726,0.245
3727,0.47
3728,0.705
3729,0.425
3730,0.9
3731,0.425
3732,0.695
3733,0.635
3734,0.775
3735,0.7
3736,0.33
3737,0.035
3738,0.13
3739,0.345
3740,0.56
3741,0.525
3742,0.955
3743,0.73
3744,0.315
3745,0.19
3746,0.25
3747,0.545
3748,0.51
3749,0.705
3750,0.875
3751,0.5
3752,0.495
3753,0.36
3754,0.985
3755,0.9
3756,0.925
3757,0.9
3758,0.29
3759,0.345
3760,0.505
3761,0.17
3762,0.24
3763,0.675
3764,0.275
3765,0.305
3766,0.535
3767,0.665
3768,0.595
3769,0.6
3770,0.105
3771,0.805
3772,0.755
3773,0.9
3774,0.605
3775,0.775
3776,0.125
3777,0.575
3778,0.33
3779,0.355
3780,0.085
3781,0.27
3782,0.405
3783,0.295
3784,0.575
3785,0.475
3786,0.625
3787,0.18
3788,0.265
3789,0.265
3790,0.13
3791,0.405
3792,0.595
3793,0.675416666667
3794,0.56
3795,0.26
3796,0.400416666667
3797,0.855
3798,0.2
3799,0.615
3800,0.16
3801,0.44
3802,0.18
3803,0.325
3804,0.645
3805,0.395
3806,0.635
3807,0.49
3808,0.87
3809,0.87
3810,0.855
3811,0.33
3812,0.87
3813,0.34
3814,0.235
3815,0.375
3816,0.21
3817,0.38
3818,0.255
3819,0.425
3820,0.835
3821,0.1
3822,0.255
3823,0.37
3824,0.25
3825,0.66
3826,0.295
3827,0.19
3828,0.335
3829,0.45
3830,0.325
3831,0.27
3832,0.17
3833,0.445
3834,0.285
3835,0.175
3836,0.955
3837,0.44
3838,0.075
3839,0.615
3840,0.425
3841,0.76
3842,0.105
3843,0.635
3844,0.34
3845,0.335
3846,0.61
3847,0.645
3848,0.15
3849,0.115
3850,0.24
3851,0.35
3852,0.365
3853,0.115
3854,0.61
3855,0.68
3856,0.265
3857,0.45
3858,0.035
3859,0.52
3860,0.25
3861,0.31
3862,0.575
3863,0.725
3864,0.35
3865,0.45
3866,0.95
3867,0.76
3868,0.675
3869,0.195
3870,0.27
3871,0.315
3872,0.78
3873,0.69
3874,0.26
3875,0.925
3876,0.165
3877,0.64
3878,0.53
3879,0.705
3880,0.445
3881,0.785
3882,0.625
3883,0.845
3884,0.38
3885,0.61
3886,0.65
3887,0.77
3888,0.23
3889,0.56
3890,0.41
3891,0.68
3892,0.395
3893,0.93
3894,0.775
3895,0.125
3896,0.46
3897,0.34
3898,0.205
3899,0.105
3900,0.395
3901,0.255
3902,0.325
3903,0.665
3904,0.515
3905,0.605
3906,0.13
3907,0.56
3908,0.53
3909,0.505
3910,0.53
3911,0.605
3912,0.905
3913,0.24
3914,0.365
3915,0.135
3916,0.28
3917,0.24
3918,0.755
3919,0.785
3920,0.715
3921,0.62
3922,0.14
3923,0.465
3924,0.21
3925,0.36
3926,0.295
3927,0.555
3928,0.595
3929,0.39
3930,0.285
3931,0.88
3932,0.24
3933,0.63
3934,0.485
3935,0.77
3936,0.575
3937,0.895
3938,0.205
3939,0.1
3940,0.08
3941,0.46
3942,0.545416666667
3943,0.32
3944,0.895
3945,0.645
3946,0.72
3947,0.435
3948,0.43
3949,0.495
3950,0.9
3951,0.41
3952,0.49
3953,0.055
3954,0.28
3955,0.58
3956,0.3
3957,0.485
3958,0.125
3959,0.78
3960,0.54
3961,0.175
3962,0.12
3963,0.335
3964,0.19
3965,0.145
3966,0.14
3967,0.53
3968,0.135
3969,0.8
3970,0.81
3971,0.7
3972,0.785
3973,0.225
3974,0.835
3975,0.695
3976,0.385
3977,0.69
3978,0.46
3979,0.235
3980,0.755
3981,0.19
3982,0.72
3983,0.26
3984,0.175
3985,0.07
3986,0.795
3987,0.235
3988,0.04
3989,0.57
3990,0.28
3991,0.625
3992,0.16
3993,0.505
3994,0.825
3995,0.525
3996,0.175
3997,0.38
3998,0.8
3999,0.455
4000,0.425
4001,0.235
4002,0.47
4003,0.525
4004,0.215
4005,0.685
4006,0.505
4007,0.57
4008,0.06
4009,0.185
4010,0.91
4011,0.46
4012,0.29
4013,0.675
4014,0.605
4015,0.815
4016,0.51
4017,0.095
4018,0.205
4019,0.48
4020,0.27
4021,0.205
4022,0.82
4023,0.79
4024,0.64
4025,0.905
4026,0.73
4027,0.225
4028,0.49
4029,0.64
4030,0.32
4031,0.74
4032,0.64
4033,0.71
4034,0.405
4035,0.375
4036,0.855
4037,0.645
4038,0.605
4039,0.235
4040,0.645
4041,0.13
4042,0.76
4043,0.97
4044,0.5
4045,0.065
4046,0.305
4047,0.890416666667
4048,0.275
4049,0.945
4050,0.465
4051,0.59
4052,0.395
4053,0.7
4054,0.71
4055,0.375
4056,0.87
4057,0.605
4058,0.39
4059,0.485
4060,0.445
4061,0.755
4062,0.565
4063,0.19
4064,0.13
4065,0.245
4066,0.72
4067,0.695
4068,0.91
4069,0.255
4070,0.31
4071,0.34
4072,0.59
4073,0.92
4074,0.27
4075,0.485
4076,0.865
4077,0.845
4078,0.745
4079,0.91
4080,0.935
4081,0.76
4082,0.095
4083,0.08
4084,0.26
4085,0.505
4086,0.86
4087,0.745
4088,0.415
4089,0.19
4090,0.22
4091,0.135
4092,0.525
4093,0.37
4094,0.925
4095,0.27
4096,0.54
4097,0.325
4098,0.385
4099,0.56
4100,0.885
4101,0.15
4102,0.9
4103,0.375
4104,0.575
4105,0.1
4106,0.445
4107,0.44
4108,0.26
4109,0.415
4110,0.115
4111,0.655
4112,0.88
4113,0.900416666667
4114,0.745
4115,0.21
4116,0.11
4117,0.365
4118,0.32
4119,0.4
4120,0.12
4121,0.09
4122,0.13
4123,0.775
4124,0.52
4125,0.345
4126,0.505
4127,0.4
4128,0.325
4129,0.695
4130,0.32
4131,0.68
4132,0.225
4133,0.15
4134,0.19
4135,0.785
4136,0.32
4137,0.67
4138,0.475
4139,0.365
4140,0.31
4141,0.37
4142,0.79
4143,0.83
4144,0.225
4145,0.285
4146,0.94
4147,0.69
4148,0.855
4149,0.08
4150,0.7
4151,0.445
4152,0.4
4153,0.265
4154,0.32
4155,0.205
4156,0.41
4157,0.55
4158,0.55
4159,0.135
4160,0.37
4161,0.17
4162,0.3
4163,0.655
4164,0.72
4165,0.9
4166,0.83
4167,0.7
4168,0.535
4169,0.575
4170,0.34
4171,0.585
4172,0.62
4173,0.27
4174,0.72
4175,0.375
4176,0.365
4177,0.87
4178,0.58
4179,0.67
4180,0.88
4181,0.485
4182,0.295
4183,0.305
4184,0.45
4185,0.330416666667
4186,0.26
4187,0.37
4188,0.555
4189,0.36
4190,0.27
4191,0.335
4192,0.655
4193,0.67
4194,0.045
4195,0.81
4196,0.140416666667
4197,0.15
4198,0.645
4199,0.96
4200,0.48
4201,0.67
4202,0.48
4203,0.845
4204,0.29
4205,0.45
4206,0.385
4207,0.405
4208,0.4
4209,0.305
4210,0.925
4211,0.57
4212,0.63
4213,0.495
4214,0.22
4215,0.83
4216,0.27
4217,0.3
4218,0.255
4219,0.63
4220,0.38
4221,0.81
4222,0.06
4223,0.07
4224,0.87
4225,0.495
4226,0.455
4227,0.74
4228,0.345
4229,0.205
4230,0.095
4231,0.745
4232,0.48
4233,0.2
4234,0.23
4235,0.645
4236,0.9
4237,0.29
4238,0.17
4239,0.38
4240,0.345
4241,0.19
4242,0.16
4243,0.535
4244,0.845
4245,0.49
4246,0.795
4247,0.215
4248,0.7
4249,0.945
4250,0.475
4251,0.105
4252,0.44
4253,0.705
4254,0.215
4255,0.93
4256,0.505
4257,0.76
4258,0.395
4259,0.52
4260,0.855
4261,0.885
4262,0.875
4263,0.095
4264,0.16
4265,0.68
4266,0.965
4267,0.19
4268,0.495
4269,0.575
4270,0.24
4271,0.485
4272,0.565
4273,0.61
4274,0.72
4275,0.07
4276,0.335
4277,0.675
4278,0.78
4279,0.585
4280,0.52
4281,0.63
4282,0.365
4283,0.755
4284,0.44
4285,0.2
4286,0.365
4287,0.12
4288,0.67
4289,0.61
4290,0.55
4291,0.24
4292,0.585
4293,0.17
4294,0.85
4295,0.285
4296,0.355
4297,0.19
4298,0.945
4299,0.535
4300,0.19
4301,0.685
4302,0.59
4303,0.18
4304,0.245
4305,0.175
4306,0.715
4307,0.845
4308,0.165
4309,0.28
4310,0.34
4311,0.685
4312,0.61
4313,0.37
4314,0.295
4315,0.33
4316,0.46
4317,0.1
4318,0.515
4319,0.29
4320,0.825
4321,0.745
4322,0.395
4323,0.56
4324,0.4
4325,0.285
4326,0.145
4327,0.475
4328,0.45
4329,0.48
4330,0.74
4331,0.805
4332,0.755
4333,0.52
4334,0.535
4335,0.3
4336,0.18
4337,0.865
4338,0.12
4339,0.385
4340,0.485
4341,0.235
4342,0.085
4343,0.705
4344,0.635
4345,0.56
4346,0.23
4347,0.19
4348,0.63
4349,0.455
4350,0.645
4351,0.15
4352,0.35
4353,0.165
4354,0.615
4355,0.785
4356,0.495
4357,0.205
4358,0.395
4359,0.19
4360,0.215
4361,0.31
4362,0.365416666667
4363,0.475
4364,0.235
4365,0.31
4366,0.18
4367,0.43
4368,0.47
4369,0.91
4370,0.655
4371,0.75
4372,0.35
4373,0.025
4374,0.11
4375,0.17
4376,0.595
4377,0.895
4378,0.345
4379,0.225
4380,0.43
4381,0.725
4382,0.200416666667
4383,0.655
4384,0.54
4385,0.155
4386,0.6
4387,0.27
4388,0.59
4389,0.19
4390,0.84
4391,0.93
4392,0.65
4393,0.135
4394,0.095
4395,0.7
4396,0.27
4397,0.36
4398,0.265
4399,0.19
4400,0.475
4401,0.19
4402,0.745
4403,0.535
4404,0.29
4405,0.255
4406,0.27
4407,0.11
4408,0.45
4409,0.66
4410,0.455
4411,0.71
4412,0.35
4413,0.62
4414,0.415
4415,0.335
4416,0.585
4417,0.16
4418,0.11
4419,0.8
4420,0.32
4421,0.35
4422,0.47
4423,0.435
4424,0.275
4425,0.575
4426,0.67
4427,0.305
4428,0.585
4429,0.565
4430,0.575
4431,0.285
4432,0.575
4433,0.335
4434,0.58
4435,0.625
4436,0.62
4437,0.88
4438,0.16
4439,0.6
4440,0.525
4441,0.65
4442,0.745
4443,0.155
4444,0.1
4445,0.12
4446,0.68
4447,0.765
4448,0.8
4449,0.87
4450,0.19
4451,0.29
4452,0.39
4453,0.785
4454,0.94
4455,0.82
4456,0.585
4457,0.75
4458,0.36
4459,0.825
4460,0.195
4461,0.5
4462,0.185
4463,0.485
4464,0.125
4465,0.13
4466,0.215
4467,0.18
4468,0.375
4469,0.275
4470,0.62
4471,0.38
4472,0.375
4473,0.1
4474,0.53
4475,0.41
4476,0.775
4477,0.795
4478,0.27
4479,0.265416666667
4480,0.23
4481,0.33
4482,0.83
4483,0.695
4484,0.62
4485,0.385
4486,0.67
4487,0.28
4488,0.24
4489,0.305
4490,0.445
4491,0.59
4492,0.07
4493,0.7
4494,0.265
4495,0.185
4496,0.815
4497,0.705
4498,0.185
